{
    "train_loss": [
        1.9770284337623447,
        1.38966115063312,
        1.0796061263364904,
        0.8036222938930287,
        0.7346415267271154,
        0.5117634812640209,
        0.1900655309067053,
        0.12840779192599597,
        0.07588300404011035,
        0.05233246884947898,
        0.03451109859718046,
        0.03551612503908794,
        0.03987313099351584,
        0.012220968450145687,
        0.02199663646780548,
        0.018687624344830494,
        0.03573240017541228,
        0.017855978058605438,
        0.01619286749412198,
        0.0226915382256494,
        0.010987776505085183,
        0.021957695808298157,
        0.009041316722994488,
        0.005240307008126347,
        0.003840484228692766,
        0.007864148902022576,
        0.005803473431025814
    ],
    "val_loss": [
        2.029995713915144,
        1.4707367289197313,
        1.1086724931067162,
        0.9508705191559844,
        0.8180786148532406,
        0.27457052829501394,
        0.2533407741850549,
        0.20653130949198545,
        0.22950934082433416,
        0.19280108244536998,
        0.19432822639470573,
        0.2024732422042679,
        0.19717780930491594,
        0.1833391605907089,
        0.17872242171030778,
        0.17412544441010272,
        0.20333999582146714,
        0.21762072754023432,
        0.20562763318897911,
        0.1753830066268015,
        0.1883430090306869,
        0.1596632727094322,
        0.1612809780104966,
        0.17193867128782467,
        0.173598989918521,
        0.179367804998317,
        0.18989413831981697
    ],
    "train_acc": [
        0.5443137254901961,
        0.6501960784313725,
        0.7105882352941176,
        0.7607843137254902,
        0.7913725490196079,
        0.8627450980392157,
        0.9419607843137255,
        0.9647058823529412,
        0.9741176470588235,
        0.9819607843137255,
        0.984313725490196,
        0.9882352941176471,
        0.9866666666666667,
        0.9968627450980392,
        0.9945098039215686,
        0.9921568627450981,
        0.9913725490196078,
        0.9937254901960785,
        0.9937254901960785,
        0.9945098039215686,
        0.9976470588235294,
        0.9929411764705882,
        0.996078431372549,
        0.9992156862745099,
        0.9984313725490196,
        0.9976470588235294,
        0.9992156862745099
    ],
    "val_acc": [
        0.5714285714285714,
        0.6483516483516484,
        0.7005494505494505,
        0.7527472527472527,
        0.7857142857142857,
        0.9148351648351648,
        0.9230769230769231,
        0.9395604395604396,
        0.9340659340659341,
        0.9285714285714286,
        0.9395604395604396,
        0.9368131868131868,
        0.9478021978021978,
        0.9478021978021978,
        0.9532967032967034,
        0.9587912087912088,
        0.9560439560439561,
        0.9587912087912088,
        0.9505494505494505,
        0.9615384615384616,
        0.9532967032967034,
        0.9642857142857143,
        0.9587912087912088,
        0.9587912087912088,
        0.9587912087912088,
        0.9587912087912088,
        0.9615384615384616
    ],
    "val_f1": [
        0.5711048672165322,
        0.6482560773063566,
        0.6997313353766981,
        0.7525605003172302,
        0.7847786537295331,
        0.9143639909840855,
        0.9227410551849606,
        0.939250493096647,
        0.9337278106508875,
        0.9280150906656931,
        0.9390896921017402,
        0.9364095552770498,
        0.9473150962512664,
        0.9473150962512664,
        0.9529096623467548,
        0.9584901357053256,
        0.955743335663698,
        0.9585279708328587,
        0.9502551020408163,
        0.9612754187057357,
        0.9530383176364341,
        0.9639524342771824,
        0.9584901357053256,
        0.9584497020706659,
        0.9585279708328587,
        0.9585279708328587,
        0.9612754187057357
    ]
}