{"train_losses": [1.8211854202406748, 1.2145384567124502, 1.0737399518489839, 1.0079898817198618, 0.9737322781767164, 0.9259245710713523, 0.9086002562727247, 0.9079861734594618, 0.9007842983518328, 0.8948469511100224, 0.8857727766036987, 0.8915850707462856, 0.8843646126134055, 0.8854449791567666, 0.881138242994036, 0.8813743659428188, 0.8842381809438978, 0.8746567947523934, 0.8544220421995435, 0.853596305847168, 0.8446187249251774, 0.8368909937994821, 0.8121125536305563, 0.813281900542123, 0.8006820576531547, 0.7868271597794124, 0.7761091266359602, 0.764583568062101, 0.7759612211159297, 0.7481369337865285, 0.7585070584501539, 0.7613602229527064, 0.7722487270832061, 0.772894778421947, 0.772906768321991], "val_losses": [1.0597140789031982, 0.858219885163837, 0.7667136523458693, 0.7566026482317183, 0.7107502255174849, 0.6848456958929697, 0.6806015190151002, 0.666220443116294, 0.6726013951831393, 0.6593441930082109, 0.6595188594526715, 0.6618275625838174, 0.6564152903027005, 0.6612246334552765, 0.6459200746483273, 0.6483334783050749, 0.6641609205140008, 0.650514092710283, 0.6486774285634359, 0.6241418172915777, 0.6276416828234991, 0.6201134953233931, 0.6218486941523023, 0.6170194430483712, 0.6147777471277449, 0.6130825546052721, 0.6028119723002116, 0.589890201886495, 0.5886930326620737, 0.5876802735858493, 0.5880771809154086, 0.5923738413386874, 0.5913197381628884, 0.5927392923169665, 0.5879391696718004], "train_accs": [0.46785714285714286, 0.6424107142857143, 0.6732142857142858, 0.69453125, 0.6975446428571429, 0.7123883928571428, 0.72109375, 0.7194196428571429, 0.7215401785714286, 0.7216517857142857, 0.7216517857142857, 0.7214285714285714, 0.7254464285714286, 0.7244419642857143, 0.7237723214285714, 0.7224330357142857, 0.7194196428571429, 0.72109375, 0.7194196428571429, 0.7234375, 0.7287946428571429, 0.72734375, 0.7375, 0.7373883928571429, 0.7457589285714286, 0.7431919642857143, 0.7517857142857143, 0.7529017857142857, 0.7503348214285714, 0.7604910714285714, 0.75859375, 0.7579241071428572, 0.75390625, 0.7535714285714286, 0.7530133928571429], "val_accs": [0.7151785714285714, 0.7495535714285714, 0.7705357142857143, 0.7705357142857143, 0.7794642857142857, 0.7861607142857143, 0.790625, 0.7910714285714285, 0.7915178571428572, 0.7973214285714286, 0.7955357142857142, 0.7977678571428571, 0.7959821428571429, 0.7950892857142857, 0.7991071428571429, 0.7910714285714285, 0.790625, 0.796875, 0.7919642857142857, 0.8017857142857143, 0.7977678571428571, 0.8026785714285715, 0.7986607142857143, 0.8058035714285714, 0.8058035714285714, 0.8084821428571428, 0.8080357142857143, 0.8138392857142858, 0.8138392857142858, 0.8120535714285714, 0.8142857142857143, 0.8129464285714286, 0.8147321428571429, 0.815625, 0.8129464285714286]}