{"train_losses": [0.8082477765423911, 0.7941921242645809, 0.7775466731616429, 0.7685445125613893, 0.7640773475170135, 0.7108463048934937, 0.49124039241245815, 0.38409719807761056, 0.3235170140862465, 0.26848505692822594, 0.2131588482431003, 0.1814588617001261, 0.16887483543583326, 0.15488087109157017, 0.14535219435180938, 0.139815190328019, 0.13657872932297843, 0.1368979147502354, 0.1283582506435258, 0.1328392195914473, 0.1234256522996085, 0.12285445556044579, 0.13212295717426709, 0.12356458998152188, 0.12266263642481395, 0.12483809611627034], "val_losses": [0.6130702661143409, 0.6038646598656973, 0.6233179486460156, 0.59422134856383, 0.5949502487977346, 0.5117064085271623, 0.44819892115063137, 0.45603884922133553, 0.4277033069067531, 0.4116390645503998, 0.3880501488844554, 0.37694958017932045, 0.3776547585924466, 0.37597135123279357, 0.37566231273942524, 0.3788439904650052, 0.37777438594235313, 0.3789811291628414, 0.3741382542583678, 0.3744234831796752, 0.3733463196290864, 0.3748428805006875, 0.37588172985447776, 0.3752456522650189, 0.3735742395122846, 0.37356118650899994], "train_accs": [0.73828125, 0.7454241071428571, 0.7522321428571429, 0.7495535714285714, 0.7506696428571429, 0.7689732142857143, 0.8390625, 0.8717633928571429, 0.8935267857142857, 0.9081473214285715, 0.9327008928571429, 0.9441964285714286, 0.9464285714285714, 0.9535714285714286, 0.9561383928571429, 0.9577008928571429, 0.9599330357142857, 0.95859375, 0.9616071428571429, 0.9611607142857143, 0.9627232142857143, 0.9625, 0.9602678571428571, 0.9633928571428572, 0.9627232142857143, 0.9619419642857143], "val_accs": [0.8044642857142857, 0.8107142857142857, 0.8040178571428571, 0.8125, 0.8147321428571429, 0.8388392857142857, 0.8535714285714285, 0.8616071428571429, 0.871875, 0.875, 0.8857142857142857, 0.8879464285714286, 0.8866071428571428, 0.8870535714285714, 0.8892857142857142, 0.8888392857142857, 0.8866071428571428, 0.8892857142857142, 0.8897321428571429, 0.8897321428571429, 0.8879464285714286, 0.8883928571428571, 0.8879464285714286, 0.8883928571428571, 0.8897321428571429, 0.8915178571428571]}